begin;

insert into public.profiles (id, current_handle, handle_updated_at, birth_year, bio, avatar_url, interests)
values
  ('bde5ba1b-aa0d-401b-a3c1-6dc971b8f5fb', 'lahore_user_001', now(), 1985, 'Test user for Lahore seed (lahore_user_001).', null, ARRAY['travel', 'gaming', 'foodie']),
  ('3b568f09-1dbc-4d73-b9ad-cdfe94c1ac98', 'lahore_user_002', now(), 1998, 'Test user for Lahore seed (lahore_user_002).', null, ARRAY['fitness', 'music', 'travel']),
  ('986675ca-34b6-4236-ac30-33a468a10170', 'lahore_user_003', now(), 1986, 'Test user for Lahore seed (lahore_user_003).', null, ARRAY['gaming', 'study', 'fitness']),
  ('1ad8c61b-0be7-467e-9e06-91c056e56549', 'lahore_user_004', now(), 2000, 'Test user for Lahore seed (lahore_user_004).', null, ARRAY['foodie', 'gaming', 'coffee']),
  ('7c905193-6ba7-4df5-af42-72343b3f71f8', 'lahore_user_005', now(), 1986, 'Test user for Lahore seed (lahore_user_005).', null, ARRAY['travel', 'study', 'coffee']),
  ('310eba59-1f94-4d33-a66e-999f3b32cb91', 'lahore_user_006', now(), 2000, 'Test user for Lahore seed (lahore_user_006).', null, ARRAY['fitness', 'study', 'travel']),
  ('99984268-7569-4267-94a8-5b37d1356809', 'lahore_user_007', now(), 1985, 'Test user for Lahore seed (lahore_user_007).', null, ARRAY['travel', 'coffee', 'music']),
  ('b075bb7f-362e-4916-a174-7aded1fd8759', 'lahore_user_008', now(), 1993, 'Test user for Lahore seed (lahore_user_008).', null, ARRAY['foodie', 'travel', 'music']),
  ('660e44fe-e929-471e-9d41-c9b038ebbf9e', 'lahore_user_009', now(), 1993, 'Test user for Lahore seed (lahore_user_009).', null, ARRAY['gaming', 'foodie', 'study']),
  ('432aa614-95ba-4adf-9557-139de9f4fa93', 'lahore_user_010', now(), 2001, 'Test user for Lahore seed (lahore_user_010).', null, ARRAY['study', 'coffee', 'fitness']),
  ('e9ccb9ae-c607-446e-80d6-0d6beabfda6e', 'lahore_user_011', now(), 1997, 'Test user for Lahore seed (lahore_user_011).', null, ARRAY['coffee', 'music', 'foodie']),
  ('fd2c7718-3e6c-427b-8884-e3d847805be2', 'lahore_user_012', now(), 1987, 'Test user for Lahore seed (lahore_user_012).', null, ARRAY['travel', 'fitness', 'study']),
  ('a046882e-2074-474d-a1ed-00ed633ddf27', 'lahore_user_013', now(), 1992, 'Test user for Lahore seed (lahore_user_013).', null, ARRAY['study', 'music', 'gaming']),
  ('b53a6e7f-520c-43f1-89d6-bdca7e19ff4e', 'lahore_user_014', now(), 1999, 'Test user for Lahore seed (lahore_user_014).', null, ARRAY['foodie', 'coffee', 'study']),
  ('42841999-0e74-4c74-b7a7-b54e39de7206', 'lahore_user_015', now(), 1989, 'Test user for Lahore seed (lahore_user_015).', null, ARRAY['music', 'fitness', 'coffee']),
  ('2acf2d13-ecbe-4b5d-974b-bbf7e21cc759', 'lahore_user_016', now(), 1990, 'Test user for Lahore seed (lahore_user_016).', null, ARRAY['foodie', 'study', 'gaming']),
  ('aae473d8-4034-4590-b243-95ee877f24ee', 'lahore_user_017', now(), 1995, 'Test user for Lahore seed (lahore_user_017).', null, ARRAY['foodie', 'coffee', 'travel']),
  ('2902bcbd-e737-401a-9ba5-799ee1868f3a', 'lahore_user_018', now(), 1988, 'Test user for Lahore seed (lahore_user_018).', null, ARRAY['gaming', 'music', 'study']),
  ('b63483ff-d9da-4ead-be43-996db987184e', 'lahore_user_019', now(), 1993, 'Test user for Lahore seed (lahore_user_019).', null, ARRAY['coffee', 'foodie', 'gaming']),
  ('33b0c833-82b0-423b-ad1d-652c05abfa5b', 'lahore_user_020', now(), 1997, 'Test user for Lahore seed (lahore_user_020).', null, ARRAY['study', 'fitness', 'foodie']),
  ('c6ef9cb8-e8bf-4c8c-83c8-4037e04a283a', 'lahore_user_021', now(), 1995, 'Test user for Lahore seed (lahore_user_021).', null, ARRAY['music', 'gaming', 'coffee']),
  ('9cce234c-64f3-4fe3-8c9a-dc4e412486c9', 'lahore_user_022', now(), 1987, 'Test user for Lahore seed (lahore_user_022).', null, ARRAY['music', 'coffee', 'foodie']),
  ('3ccbd7a4-2090-4945-8279-f2e797cc56dd', 'lahore_user_023', now(), 1997, 'Test user for Lahore seed (lahore_user_023).', null, ARRAY['foodie', 'coffee', 'fitness']),
  ('cef88aa8-0d2b-4895-8a5e-deae35264b45', 'lahore_user_024', now(), 2001, 'Test user for Lahore seed (lahore_user_024).', null, ARRAY['travel', 'gaming', 'foodie']),
  ('9b0539d5-c0ec-4233-bfee-6b9bb00a6de8', 'lahore_user_025', now(), 1987, 'Test user for Lahore seed (lahore_user_025).', null, ARRAY['fitness', 'music', 'travel']),
  ('6633a43a-6a29-4c93-a3e0-734c5b951f4a', 'lahore_user_026', now(), 1985, 'Test user for Lahore seed (lahore_user_026).', null, ARRAY['coffee', 'music', 'foodie']),
  ('457d8585-d246-4e7a-b694-31905da63381', 'lahore_user_027', now(), 1986, 'Test user for Lahore seed (lahore_user_027).', null, ARRAY['gaming', 'fitness', 'coffee']),
  ('dc939d52-1aaa-4078-8816-ca70746bf641', 'lahore_user_028', now(), 1990, 'Test user for Lahore seed (lahore_user_028).', null, ARRAY['study', 'coffee', 'gaming']),
  ('41ae9144-e6bd-45a9-b5dc-9f1cadb4124e', 'lahore_user_029', now(), 1987, 'Test user for Lahore seed (lahore_user_029).', null, ARRAY['music', 'travel', 'study']),
  ('c1d5d425-b15e-4486-bf62-42d711f64ddb', 'lahore_user_030', now(), 1988, 'Test user for Lahore seed (lahore_user_030).', null, ARRAY['coffee', 'music', 'gaming']),
  ('e1908221-8776-4cf2-9a3d-861cf0778d33', 'lahore_user_031', now(), 2000, 'Test user for Lahore seed (lahore_user_031).', null, ARRAY['foodie', 'study', 'travel']),
  ('62afbf44-0d1c-4fb3-a06e-6597b5e9a087', 'lahore_user_032', now(), 1990, 'Test user for Lahore seed (lahore_user_032).', null, ARRAY['gaming', 'foodie', 'fitness']),
  ('76875e73-0a1e-4aad-bb7a-60ca2a5a5a2f', 'lahore_user_033', now(), 2002, 'Test user for Lahore seed (lahore_user_033).', null, ARRAY['gaming', 'study', 'foodie']),
  ('93c702a1-daca-46c2-8e4c-49bc0eab11b8', 'lahore_user_034', now(), 1998, 'Test user for Lahore seed (lahore_user_034).', null, ARRAY['gaming', 'coffee', 'travel']),
  ('0693c9b2-886c-4f84-83e3-532721f6bdbd', 'lahore_user_035', now(), 2001, 'Test user for Lahore seed (lahore_user_035).', null, ARRAY['gaming', 'coffee', 'travel']),
  ('74e91c1c-533a-486e-91da-6d903a9544eb', 'lahore_user_036', now(), 1994, 'Test user for Lahore seed (lahore_user_036).', null, ARRAY['fitness', 'gaming', 'coffee']),
  ('0ea8efeb-3b05-4b5e-8278-4612c0f6e3e3', 'lahore_user_037', now(), 1990, 'Test user for Lahore seed (lahore_user_037).', null, ARRAY['study', 'travel', 'gaming']),
  ('5a0a0484-2246-4965-a50f-1a2165ab0841', 'lahore_user_038', now(), 1992, 'Test user for Lahore seed (lahore_user_038).', null, ARRAY['travel', 'foodie', 'study']),
  ('7433b966-7ae5-4427-8ad7-97c1683d4340', 'lahore_user_039', now(), 1994, 'Test user for Lahore seed (lahore_user_039).', null, ARRAY['travel', 'fitness', 'gaming']),
  ('6dc69a8d-5771-40a1-b005-e55295a8b637', 'lahore_user_040', now(), 1986, 'Test user for Lahore seed (lahore_user_040).', null, ARRAY['study', 'gaming', 'fitness']),
  ('d049ef02-4509-4d24-a151-ec6204874808', 'lahore_user_041', now(), 1986, 'Test user for Lahore seed (lahore_user_041).', null, ARRAY['travel', 'gaming', 'music']),
  ('69cd128e-3d62-40a8-90e0-1fa055659022', 'lahore_user_042', now(), 1997, 'Test user for Lahore seed (lahore_user_042).', null, ARRAY['music', 'study', 'travel']),
  ('77e341d1-92c9-4c27-b0dc-6445cc0a876a', 'lahore_user_043', now(), 1997, 'Test user for Lahore seed (lahore_user_043).', null, ARRAY['gaming', 'music', 'coffee']),
  ('6f7d86d3-808e-4750-91c1-65b61912043b', 'lahore_user_044', now(), 2000, 'Test user for Lahore seed (lahore_user_044).', null, ARRAY['foodie', 'coffee', 'study']),
  ('89887968-1961-4b93-b033-dd395ff80316', 'lahore_user_045', now(), 1994, 'Test user for Lahore seed (lahore_user_045).', null, ARRAY['foodie', 'travel', 'music']),
  ('29ffbeaa-2c5e-4f95-9025-b11492c6fad3', 'lahore_user_046', now(), 1995, 'Test user for Lahore seed (lahore_user_046).', null, ARRAY['music', 'foodie', 'fitness']),
  ('25a98936-9848-45fa-9de5-56cecf859d17', 'lahore_user_047', now(), 1989, 'Test user for Lahore seed (lahore_user_047).', null, ARRAY['study', 'fitness', 'travel']),
  ('e11953c2-0044-4e98-8fee-b11630f4b153', 'lahore_user_048', now(), 1993, 'Test user for Lahore seed (lahore_user_048).', null, ARRAY['study', 'gaming', 'foodie']),
  ('31ceeb30-d069-41e2-ada7-038cdac50d65', 'lahore_user_049', now(), 1990, 'Test user for Lahore seed (lahore_user_049).', null, ARRAY['travel', 'foodie', 'fitness']),
  ('bd407f29-a283-4bdc-b4cd-3e69d52b6f05', 'lahore_user_050', now(), 1993, 'Test user for Lahore seed (lahore_user_050).', null, ARRAY['gaming', 'foodie', 'music'])
on conflict (id) do nothing;

insert into public.handle_history (user_id, handle)
values
  ('bde5ba1b-aa0d-401b-a3c1-6dc971b8f5fb', 'lahore_user_001'),
  ('3b568f09-1dbc-4d73-b9ad-cdfe94c1ac98', 'lahore_user_002'),
  ('986675ca-34b6-4236-ac30-33a468a10170', 'lahore_user_003'),
  ('1ad8c61b-0be7-467e-9e06-91c056e56549', 'lahore_user_004'),
  ('7c905193-6ba7-4df5-af42-72343b3f71f8', 'lahore_user_005'),
  ('310eba59-1f94-4d33-a66e-999f3b32cb91', 'lahore_user_006'),
  ('99984268-7569-4267-94a8-5b37d1356809', 'lahore_user_007'),
  ('b075bb7f-362e-4916-a174-7aded1fd8759', 'lahore_user_008'),
  ('660e44fe-e929-471e-9d41-c9b038ebbf9e', 'lahore_user_009'),
  ('432aa614-95ba-4adf-9557-139de9f4fa93', 'lahore_user_010'),
  ('e9ccb9ae-c607-446e-80d6-0d6beabfda6e', 'lahore_user_011'),
  ('fd2c7718-3e6c-427b-8884-e3d847805be2', 'lahore_user_012'),
  ('a046882e-2074-474d-a1ed-00ed633ddf27', 'lahore_user_013'),
  ('b53a6e7f-520c-43f1-89d6-bdca7e19ff4e', 'lahore_user_014'),
  ('42841999-0e74-4c74-b7a7-b54e39de7206', 'lahore_user_015'),
  ('2acf2d13-ecbe-4b5d-974b-bbf7e21cc759', 'lahore_user_016'),
  ('aae473d8-4034-4590-b243-95ee877f24ee', 'lahore_user_017'),
  ('2902bcbd-e737-401a-9ba5-799ee1868f3a', 'lahore_user_018'),
  ('b63483ff-d9da-4ead-be43-996db987184e', 'lahore_user_019'),
  ('33b0c833-82b0-423b-ad1d-652c05abfa5b', 'lahore_user_020'),
  ('c6ef9cb8-e8bf-4c8c-83c8-4037e04a283a', 'lahore_user_021'),
  ('9cce234c-64f3-4fe3-8c9a-dc4e412486c9', 'lahore_user_022'),
  ('3ccbd7a4-2090-4945-8279-f2e797cc56dd', 'lahore_user_023'),
  ('cef88aa8-0d2b-4895-8a5e-deae35264b45', 'lahore_user_024'),
  ('9b0539d5-c0ec-4233-bfee-6b9bb00a6de8', 'lahore_user_025'),
  ('6633a43a-6a29-4c93-a3e0-734c5b951f4a', 'lahore_user_026'),
  ('457d8585-d246-4e7a-b694-31905da63381', 'lahore_user_027'),
  ('dc939d52-1aaa-4078-8816-ca70746bf641', 'lahore_user_028'),
  ('41ae9144-e6bd-45a9-b5dc-9f1cadb4124e', 'lahore_user_029'),
  ('c1d5d425-b15e-4486-bf62-42d711f64ddb', 'lahore_user_030'),
  ('e1908221-8776-4cf2-9a3d-861cf0778d33', 'lahore_user_031'),
  ('62afbf44-0d1c-4fb3-a06e-6597b5e9a087', 'lahore_user_032'),
  ('76875e73-0a1e-4aad-bb7a-60ca2a5a5a2f', 'lahore_user_033'),
  ('93c702a1-daca-46c2-8e4c-49bc0eab11b8', 'lahore_user_034'),
  ('0693c9b2-886c-4f84-83e3-532721f6bdbd', 'lahore_user_035'),
  ('74e91c1c-533a-486e-91da-6d903a9544eb', 'lahore_user_036'),
  ('0ea8efeb-3b05-4b5e-8278-4612c0f6e3e3', 'lahore_user_037'),
  ('5a0a0484-2246-4965-a50f-1a2165ab0841', 'lahore_user_038'),
  ('7433b966-7ae5-4427-8ad7-97c1683d4340', 'lahore_user_039'),
  ('6dc69a8d-5771-40a1-b005-e55295a8b637', 'lahore_user_040'),
  ('d049ef02-4509-4d24-a151-ec6204874808', 'lahore_user_041'),
  ('69cd128e-3d62-40a8-90e0-1fa055659022', 'lahore_user_042'),
  ('77e341d1-92c9-4c27-b0dc-6445cc0a876a', 'lahore_user_043'),
  ('6f7d86d3-808e-4750-91c1-65b61912043b', 'lahore_user_044'),
  ('89887968-1961-4b93-b033-dd395ff80316', 'lahore_user_045'),
  ('29ffbeaa-2c5e-4f95-9025-b11492c6fad3', 'lahore_user_046'),
  ('25a98936-9848-45fa-9de5-56cecf859d17', 'lahore_user_047'),
  ('e11953c2-0044-4e98-8fee-b11630f4b153', 'lahore_user_048'),
  ('31ceeb30-d069-41e2-ada7-038cdac50d65', 'lahore_user_049'),
  ('bd407f29-a283-4bdc-b4cd-3e69d52b6f05', 'lahore_user_050');

insert into public.businesses (owner_id, name, category, categories, amenities, hours, phone, city, flags, latitude, longitude, verified, verification_status)
values
  ('bde5ba1b-aa0d-401b-a3c1-6dc971b8f5fb', 'Androon Grill', 'Pakistani', ARRAY['Vegetarian', 'Pakistani'], ARRAY['Family seating', 'Takeaway'], '9:00 AM - 11:00 PM', '+92 42 7239184', 'Lahore', ARRAY['Pickup', 'Dine-in'], 31.54583, 74.360353, false, 'unverified'),
  ('3b568f09-1dbc-4d73-b9ad-cdfe94c1ac98', 'Gulberg Bistro', 'BBQ', ARRAY['Noodles', 'Seafood'], ARRAY['Parking', 'Wi-Fi'], '9:00 AM - 11:00 PM', '+92 42 4560781', 'Lahore', ARRAY['Pickup', 'Dine-in'], 31.569927, 74.311783, false, 'unverified'),
  ('986675ca-34b6-4236-ac30-33a468a10170', 'Liberty Biryani House', 'Cafe', ARRAY['Noodles', 'Fast Food'], ARRAY['Takeaway', 'Family seating'], '9:00 AM - 11:00 PM', '+92 42 3861326', 'Lahore', ARRAY['Pickup', 'Dine-in'], 31.473986, 74.336219, false, 'unverified'),
  ('1ad8c61b-0be7-467e-9e06-91c056e56549', 'Canal View Cafe', 'Fast Food', ARRAY['Grill', 'Biryani'], ARRAY['Wi-Fi', 'Outdoor seating'], '9:00 AM - 11:00 PM', '+92 42 5101268', 'Lahore', ARRAY['Pickup', 'Dine-in'], 31.53518, 74.410672, false, 'unverified'),
  ('7c905193-6ba7-4df5-af42-72343b3f71f8', 'Johar Town Kitchen', 'Biryani', ARRAY['Biryani', 'Grill'], ARRAY['Takeaway', 'Wi-Fi'], '9:00 AM - 11:00 PM', '+92 42 9744651', 'Lahore', ARRAY['Pickup', 'Dine-in'], 31.533701, 74.388281, false, 'unverified'),
  ('310eba59-1f94-4d33-a66e-999f3b32cb91', 'Walled City Eats', 'Grill', ARRAY['Breakfast', 'Cafe'], ARRAY['Wi-Fi', 'Takeaway'], '9:00 AM - 11:00 PM', '+92 42 2077831', 'Lahore', ARRAY['Pickup', 'Dine-in'], 31.571106, 74.348568, false, 'unverified'),
  ('99984268-7569-4267-94a8-5b37d1356809', 'Garden Town Diner', 'Desserts', ARRAY['Breakfast', 'Grill'], ARRAY['Parking', 'Wi-Fi'], '9:00 AM - 11:00 PM', '+92 42 4884534', 'Lahore', ARRAY['Pickup', 'Dine-in'], 31.55421, 74.330204, false, 'unverified'),
  ('b075bb7f-362e-4916-a174-7aded1fd8759', 'Model Town BBQ', 'Breakfast', ARRAY['Cafe', 'Breakfast'], ARRAY['Takeaway', 'Parking'], '9:00 AM - 11:00 PM', '+92 42 4218881', 'Lahore', ARRAY['Pickup', 'Dine-in'], 31.569597, 74.35552, false, 'unverified'),
  ('660e44fe-e929-471e-9d41-c9b038ebbf9e', 'Ravi Riverside Kitchen', 'Pizza', ARRAY['Desserts', 'Breakfast'], ARRAY['Family seating', 'Wi-Fi'], '9:00 AM - 11:00 PM', '+92 42 4886784', 'Lahore', ARRAY['Pickup', 'Dine-in'], 31.529505, 74.41377, false, 'unverified'),
  ('432aa614-95ba-4adf-9557-139de9f4fa93', 'DHA Food Yard', 'Burgers', ARRAY['Vegetarian', 'Pizza'], ARRAY['Outdoor seating', 'Wi-Fi'], '9:00 AM - 11:00 PM', '+92 42 6186602', 'Lahore', ARRAY['Pickup', 'Dine-in'], 31.49113, 74.342854, false, 'unverified'),
  ('e9ccb9ae-c607-446e-80d6-0d6beabfda6e', 'Anarkali Spice Room', 'Noodles', ARRAY['Vegetarian', 'Breakfast'], ARRAY['Outdoor seating', 'Takeaway'], '9:00 AM - 11:00 PM', '+92 42 3072868', 'Lahore', ARRAY['Pickup', 'Dine-in'], 31.472427, 74.396107, false, 'unverified'),
  ('fd2c7718-3e6c-427b-8884-e3d847805be2', 'Mall Road Pizzeria', 'Seafood', ARRAY['Cafe', 'Pizza'], ARRAY['Parking', 'Takeaway'], '9:00 AM - 11:00 PM', '+92 42 2766821', 'Lahore', ARRAY['Pickup', 'Dine-in'], 31.537069, 74.36937, false, 'unverified'),
  ('a046882e-2074-474d-a1ed-00ed633ddf27', 'Shalimar Tandoor', 'Vegetarian', ARRAY['Vegetarian', 'Pizza'], ARRAY['Outdoor seating', 'Wi-Fi'], '9:00 AM - 11:00 PM', '+92 42 4376966', 'Lahore', ARRAY['Pickup', 'Dine-in'], 31.518479, 74.378715, false, 'unverified'),
  ('b53a6e7f-520c-43f1-89d6-bdca7e19ff4e', 'Faisal Chowk Tikka', 'Pakistani', ARRAY['Fast Food', 'Pizza'], ARRAY['Takeaway', 'Outdoor seating'], '9:00 AM - 11:00 PM', '+92 42 9111410', 'Lahore', ARRAY['Pickup', 'Dine-in'], 31.525265, 74.347266, false, 'unverified'),
  ('42841999-0e74-4c74-b7a7-b54e39de7206', 'Nishtar Street Burgers', 'BBQ', ARRAY['Pizza', 'Grill'], ARRAY['Outdoor seating', 'Takeaway'], '9:00 AM - 11:00 PM', '+92 42 6978990', 'Lahore', ARRAY['Pickup', 'Dine-in'], 31.557475, 74.305698, false, 'unverified'),
  ('2acf2d13-ecbe-4b5d-974b-bbf7e21cc759', 'Fortress Feast', 'Cafe', ARRAY['Grill', 'Fast Food'], ARRAY['Parking', 'Takeaway'], '9:00 AM - 11:00 PM', '+92 42 1968917', 'Lahore', ARRAY['Pickup', 'Dine-in'], 31.564964, 74.352456, false, 'unverified'),
  ('aae473d8-4034-4590-b243-95ee877f24ee', 'Samanabad Savories', 'Fast Food', ARRAY['Noodles', 'Pizza'], ARRAY['Takeaway', 'Wi-Fi'], '9:00 AM - 11:00 PM', '+92 42 4800222', 'Lahore', ARRAY['Pickup', 'Dine-in'], 31.572779, 74.327114, false, 'unverified'),
  ('2902bcbd-e737-401a-9ba5-799ee1868f3a', 'Lakeside Cafe', 'Biryani', ARRAY['Fast Food', 'Vegetarian'], ARRAY['Outdoor seating', 'Parking'], '9:00 AM - 11:00 PM', '+92 42 9603539', 'Lahore', ARRAY['Pickup', 'Dine-in'], 31.482047, 74.347181, false, 'unverified'),
  ('b63483ff-d9da-4ead-be43-996db987184e', 'Valencia Veggie Grill', 'Grill', ARRAY['Breakfast', 'BBQ'], ARRAY['Parking', 'Takeaway'], '9:00 AM - 11:00 PM', '+92 42 7596006', 'Lahore', ARRAY['Pickup', 'Dine-in'], 31.499138, 74.409722, false, 'unverified'),
  ('33b0c833-82b0-423b-ad1d-652c05abfa5b', 'Township Noodle Bar', 'Desserts', ARRAY['Desserts', 'Breakfast'], ARRAY['Takeaway', 'Outdoor seating'], '9:00 AM - 11:00 PM', '+92 42 3121369', 'Lahore', ARRAY['Pickup', 'Dine-in'], 31.496788, 74.389509, false, 'unverified'),
  ('c6ef9cb8-e8bf-4c8c-83c8-4037e04a283a', 'Iqbal Park Shawarma', 'Breakfast', ARRAY['Breakfast', 'Cafe'], ARRAY['Parking', 'Wi-Fi'], '9:00 AM - 11:00 PM', '+92 42 4936966', 'Lahore', ARRAY['Pickup', 'Dine-in'], 31.557026, 74.326068, false, 'unverified'),
  ('9cce234c-64f3-4fe3-8c9a-dc4e412486c9', 'Mehmood Booti Grill', 'Pizza', ARRAY['Desserts', 'Cafe'], ARRAY['Parking', 'Family seating'], '9:00 AM - 11:00 PM', '+92 42 4882738', 'Lahore', ARRAY['Pickup', 'Dine-in'], 31.529693, 74.3912, false, 'unverified'),
  ('3ccbd7a4-2090-4945-8279-f2e797cc56dd', 'Egerton Road Eatery', 'Burgers', ARRAY['Cafe', 'Seafood'], ARRAY['Family seating', 'Takeaway'], '9:00 AM - 11:00 PM', '+92 42 4051156', 'Lahore', ARRAY['Pickup', 'Dine-in'], 31.549667, 74.349349, false, 'unverified'),
  ('cef88aa8-0d2b-4895-8a5e-deae35264b45', 'Cantt Courtyard', 'Noodles', ARRAY['Pizza', 'Burgers'], ARRAY['Parking', 'Takeaway'], '9:00 AM - 11:00 PM', '+92 42 3517898', 'Lahore', ARRAY['Pickup', 'Dine-in'], 31.502159, 74.325749, false, 'unverified'),
  ('9b0539d5-c0ec-4233-bfee-6b9bb00a6de8', 'Bahria Taste House', 'Seafood', ARRAY['Breakfast', 'Grill'], ARRAY['Wi-Fi', 'Outdoor seating'], '9:00 AM - 11:00 PM', '+92 42 6081644', 'Lahore', ARRAY['Pickup', 'Dine-in'], 31.519517, 74.382098, false, 'unverified'),
  ('6633a43a-6a29-4c93-a3e0-734c5b951f4a', 'Thokar Bites', 'Vegetarian', ARRAY['Seafood', 'Breakfast'], ARRAY['Parking', 'Wi-Fi'], '9:00 AM - 11:00 PM', '+92 42 3728302', 'Lahore', ARRAY['Pickup', 'Dine-in'], 31.53565, 74.345593, false, 'unverified'),
  ('457d8585-d246-4e7a-b694-31905da63381', 'Mughal Spice', 'Pakistani', ARRAY['Vegetarian', 'Breakfast'], ARRAY['Parking', 'Wi-Fi'], '9:00 AM - 11:00 PM', '+92 42 3769569', 'Lahore', ARRAY['Pickup', 'Dine-in'], 31.528733, 74.359014, false, 'unverified'),
  ('dc939d52-1aaa-4078-8816-ca70746bf641', 'Heritage Kebabs', 'BBQ', ARRAY['Breakfast', 'Cafe'], ARRAY['Parking', 'Wi-Fi'], '9:00 AM - 11:00 PM', '+92 42 7905643', 'Lahore', ARRAY['Pickup', 'Dine-in'], 31.494436, 74.321492, false, 'unverified'),
  ('41ae9144-e6bd-45a9-b5dc-9f1cadb4124e', 'City Square Wraps', 'Cafe', ARRAY['Seafood', 'Burgers'], ARRAY['Takeaway', 'Parking'], '9:00 AM - 11:00 PM', '+92 42 3746652', 'Lahore', ARRAY['Pickup', 'Dine-in'], 31.560685, 74.37757, false, 'unverified'),
  ('c1d5d425-b15e-4486-bf62-42d711f64ddb', 'Roshni Roti', 'Fast Food', ARRAY['Noodles', 'Grill'], ARRAY['Wi-Fi', 'Parking'], '9:00 AM - 11:00 PM', '+92 42 6032162', 'Lahore', ARRAY['Pickup', 'Dine-in'], 31.470263, 74.396251, false, 'unverified');

commit;
